"1","lucia.fernandez123@gmail.com"
"1","l.fernandez@outlook.com"
"2","martin.gomez89@hotmail.com"
"3","camila.rodriguez90@yahoo.com"
"3","camila.r.contacto@gmail.com"
"4","santiago.lopez101@gmail.com"
"5","valentina.martinez2020@hotmail.com"
"6","agustin.perez303@mail.com"
"6","agustin.p.vta@proton.me"
"7","micaela.sanchez404@gmail.com"
"7","micaela.s.service@outlook.com"
"7","msanchez.backup@yahoo.com"
"8","federico.diaz505@live.com"
"9","sofia.romero606@gmail.com"
"10","bruno.torres707@hotmail.com"
"10","b.torres@outlook.com"
"11","florencia.herrera808@gmail.com"
"12","lucas.castillo909@yahoo.com"
"12","l.castillo.sales@gmail.com"
"13","julieta.vega1010@gmail.com"
"14","matias.cabrera1111@outlook.com"
"15","agustina.medina1212@hotmail.com"
"15","a.medina.contacto@gmail.com"
"16","nicolas.rojas1313@mail.com"
"17","isabella.castro1414@gmail.com"
"17","i.castro@proton.me"
"18","tomas.ramirez1515@hotmail.com"
"19","camila.fernandez1616@gmail.com"
"20","benjamin.herrera1717@outlook.com"
"20","b.herrera.finance@mail.com"
"20","benjamin.h.contacto@gmail.com"
"21","emilia.diaz1818@gmail.com"
"22","juanpablo.garcia1919@hotmail.com"
"22","jpgarcia.office@outlook.com"
"23","martina.morales2020@yahoo.com"
"24","facundo.lopez2121@gmail.com"
"25","luciano.torres2222@proton.me"
"25","luciano.torres@outlook.com"
"26","valeria.sanchez2323@gmail.com"
"27","bruno.herrera2424@hotmail.com"
"28","paula.fernandez2525@gmail.com"
"28","p.fernandez.contact@live.com"
"29","santiago.martinez2626@gmail.com"
"30","lucia.ramirez2727@yahoo.com"
"30","l.ramirez.backup@mail.com"
"18","tomas.ramirez1515@hotmail.com"
"19","camila.fernandez1616@gmail.com"
"20","benjamin.herrera1717@outlook.com"
"20","b.herrera.finance@mail.com"
"20","benjamin.h.contacto@gmail.com"
"21","emilia.diaz1818@gmail.com"
"22","juanpablo.garcia1919@hotmail.com"
"22","jpgarcia.office@outlook.com"
"23","martina.morales2020@yahoo.com"
"24","facundo.lopez2121@gmail.com"
"25","luciano.torres2222@proton.me"
"25","luciano.torres@outlook.com"
